{"cameraMode":{"drawMode":0,"name":"Shaded","section":"Shading Mode"},"sceneLighting":true,"audioPlay":false,"sceneViewState":{"showFog":true,"showMaterialUpdate":true,"showSkybox":true,"showFlares":true,"showImageEffects":true,"showParticleSystems":true},"in2DMode":false,"pivot":{"x":0.103853240609169,"y":2.8832054138183595,"z":16.245304107666017},"rotation":{"x":-0.006320442538708448,"y":0.9684737324714661,"z":-0.24780766665935517,"w":-0.024701176211237909},"size":15.390096664428711,"orthographic":false}