{"cameraMode":{"drawMode":0,"name":"Shaded","section":"Shading Mode"},"sceneLighting":true,"audioPlay":false,"sceneViewState":{"showFog":true,"showMaterialUpdate":true,"showSkybox":true,"showFlares":true,"showImageEffects":true,"showParticleSystems":true},"in2DMode":false,"pivot":{"x":-4.915071487426758,"y":15.683086395263672,"z":-46.497840881347659},"rotation":{"x":0.00006738327647326514,"y":0.9999313950538635,"z":0.008999250829219818,"w":-0.007498609833419323},"size":99.66201782226563,"orthographic":false}