{"cameraMode":{"drawMode":0,"name":"Shaded","section":"Shading Mode"},"sceneLighting":true,"audioPlay":false,"sceneViewState":{"showFog":true,"showMaterialUpdate":true,"showSkybox":true,"showFlares":true,"showImageEffects":true,"showParticleSystems":true},"in2DMode":false,"pivot":{"x":-0.6705520153045654,"y":1.2423051595687867,"z":4.324813365936279},"rotation":{"x":0.0037372212391346695,"y":0.9608295559883118,"z":-0.2768112123012543,"w":0.012972360476851464},"size":2.877285957336426,"orthographic":false}