{"cameraMode":{"drawMode":0,"name":"Shaded","section":"Shading Mode"},"sceneLighting":true,"audioPlay":false,"sceneViewState":{"showFog":true,"showMaterialUpdate":true,"showSkybox":true,"showFlares":true,"showImageEffects":true,"showParticleSystems":true},"in2DMode":false,"pivot":{"x":-1.085005760192871,"y":3.0340518951416017,"z":-46.78278350830078},"rotation":{"x":0.00006738327647326514,"y":0.9999313950538635,"z":0.008999250829219818,"w":-0.007498609833419323},"size":71.30071258544922,"orthographic":false}