{"cameraMode":{"drawMode":0,"name":"Shaded","section":"Shading Mode"},"sceneLighting":true,"audioPlay":false,"sceneViewState":{"showFog":true,"showMaterialUpdate":true,"showSkybox":true,"showFlares":true,"showImageEffects":true,"showParticleSystems":true},"in2DMode":false,"pivot":{"x":16.126476287841798,"y":3.2151577472686769,"z":-34.11878204345703},"rotation":{"x":0.0603029802441597,"y":0.9352352619171143,"z":-0.19494280219078065,"w":0.2893025875091553},"size":109.0703125,"orthographic":false}