{"cameraMode":{"drawMode":0,"name":"Shaded","section":"Shading Mode"},"sceneLighting":true,"audioPlay":false,"sceneViewState":{"showFog":true,"showMaterialUpdate":true,"showSkybox":true,"showFlares":true,"showImageEffects":true,"showParticleSystems":true},"in2DMode":false,"pivot":{"x":-5.486011028289795,"y":7.277377605438232,"z":9.320524215698243},"rotation":{"x":0.039218969643116,"y":0.9606684446334839,"z":-0.20174866914749146,"w":0.18674996495246888},"size":17.861064910888673,"orthographic":false}